{
  "products": [
    {
      "id": 12,
      "sku": 12064273040195392,
      "title": "Cat Tee Black",
      "description": "4 MSL",
      "availableSizes": ["S", "XS"],
       "style": "",
      "price": 10.9,
      "installments": 9,
      "currencyId": "USD",
      "currencyFormat": "$",
      "isFreeShipping": true
    },

    {
      "id": 13,
      "sku": 51498472915966366,
      "title": "Dark Thug Blue-Navy",
      "description": "",
      "availableSizes": ["M"],
       "style": "",
      "price": 29.45,
      "installments": 5,
      "currencyId": "USD",
      "currencyFormat": "$",
      "isFreeShipping": true
    },

    {
      "id": 14,
      "sku": 10686354557628303,
      "title": "Sphynx Tie Dye Wine",
      "description": "GPX Poly 1",
      "availableSizes": ["X", "L", "XL"],
       "style": "",
      "price": 9.0,
      "installments": 3,
      "currencyId": "USD",
      "currencyFormat": "$",
      "isFreeShipping": true
    },

    {
      "id": 15,
      "sku": 11033926921508487,
      "title": "Skuul",
      "description": "Treino 2014",
      "availableSizes": ["X", "L", "XL", "XXL"],
       "style": "",
      "price": 14.0,
      "installments": 5,
      "currencyId": "USD",
      "currencyFormat": "$",
      "isFreeShipping": true
    },

    {
      "id": 11,
      "sku": 39876704341265606,
      "title": "Wine Skul",
      "description": "",
      "availableSizes": ["X", "L"],
       "style": "",
      "price": 13.25,
      "installments": 3,
      "currencyId": "USD",
      "currencyFormat": "$",
      "isFreeShipping": true
    },

    {
      "id": 16,
      "sku": 10412368723880253,
      "title": "Short Sleeve",
      "description": "",
      "availableSizes": ["XS", "X", "L", "ML", "XL"],
       "style": "",
      "price": 75.0,
      "installments": 5,
      "currencyId": "USD",
      "currencyFormat": "$",
      "isFreeShipping": true
    },

    {
      "id": 0,
      "sku": 8552515751438644,
      "title": "Cat Tee Black",
      "description": "14/15 s/nº",
      "availableSizes": ["X", "L", "XL", "XXL"],
       "style": "",
      "price": 10.9,
      "installments": 9,
      "currencyId": "USD",
      "currencyFormat": "$",
      "isFreeShipping": true
    },

    {
      "id": 1,
      "sku": 18644119330491312,
      "title": "Sphynx Tie Dye Grey",
      "description": "14/15 s/nº",
      "availableSizes": ["X", "L", "XL", "XXL"],
       "style": "",
      "installments": 9,
      "currencyId": "USD",
      "currencyFormat": "$",
      "isFreeShipping": true
    },

    {
      "id": 2,
      "sku": 11854078013954528,
      "title": "Danger Knife Grey",
      "description": "14/15 s/nº",
      "availableSizes": ["X", "L"],
       "style": "",
      "price": 14.9,
      "installments": 7,
      "currencyId": "USD",
      "currencyFormat": "$",
      "isFreeShipping": true
    },

    {
      "id": 3,
      "sku": 876661122392077,
      "title": "White DGK Script Tee",
      "description": "2014 s/nº",
      "availableSizes": ["X", "L"],
       "style": "",
      "price": 14.9,
      "installments": 7,
      "currencyId": "USD",
      "currencyFormat": "$",
      "isFreeShipping": true
    },

    {
      "id": 4,
      "sku": 9197907543445677,
      "title": "Born On The Streets",
      "description": "14/15 s/nº - Jogador",
      "availableSizes": ["XL"],
       "style": "",
      "price": 25.9,
      "installments": 12,
      "currencyId": "USD",
      "currencyFormat": "$",
      "isFreeShipping": false
    },

    {
      "id": 5,
      "sku": 10547961582846888,
      "title": "Tso 3D Short",
      "description": "14/15 + Camiseta 1º Mundial",
      "availableSizes": ["X", "L", "XL"],
      "style": "",
      "price": 10.9,
      "installments": 9,
      "currencyId": "USD",
      "currencyFormat": "$",
      "isFreeShipping": false
    },

    {
      "id": 6,
      "sku": 6090484789343891,
      "title": "Man Tie Dye Cinza Grey",
      "description": "Goleiro 13/14",
      "availableSizes": ["XL", "XXL"],
       "style": "",
      "price": 49.9,
      "installments": 0,
      "currencyId": "USD",
      "currencyFormat": "$",
      "isFreeShipping": true
    },

    {
      "id": 7,
      "sku": 18532669286405342,
      "title": "Crazy Monkey Black",
      "description": "1977 Infantil",
      "availableSizes": ["S"],
       "style": "",
      "price": 22.5,
      "installments": 4,
      "currencyId": "USD",
      "currencyFormat": "$",
      "isFreeShipping": true
    },

    {
      "id": 8,
      "sku": 5619496040738316,
      "title": "Tso 3D Black",
      "description": "",
      "availableSizes": ["XL"],
       "style": "",
      "price": 18.7,
      "installments": 4,
      "currencyId": "USD",
      "currencyFormat": "$",
      "isFreeShipping": false
    },

    {
      "id": 9,
      "sku": 11600983276356165,
      "title": "Crazy Monkey",
      "description": "",
      "availableSizes": ["L", "XL"],
      "style": "",
      "price": 134.9,
      "installments": 5,
      "currencyId": "USD",
      "currencyFormat": "$",
      "isFreeShipping": true
    },

    {
      "id": 10,
      "sku": 27250082398145995,
      "title": "On The Streets Black",
      "description": "",
      "availableSizes": ["L", "XL"],
      "style": "",
      "price": 49.0,
      "installments": 9,
      "currencyId": "USD",
      "currencyFormat": "$",
      "isFreeShipping": true
    }
  ]
}
