{
  "Sizes": "Mãrimi",
  "Product(s)": "Produs(e) gãsite.",
  "Order": "Ordoneazã dupã",
  "OrderAsc": "Crescãtor",
  "OrderDesc": "Descrescãtor",
  "AddToCart": "Adaugã in cos",
  "Bag": "Cos de cumpãrãturi",
  "EmptyBag": "Bag is empty! Add some product in the bag",
  "Subtotal": "Cosul este gol! Adaugã produse in cos",
  "Checkout": "Finalizeazã comandã",
  "Quantity": "Cantitate",
  "ORUPTO ": "Pânã la",
  "Login": "Autentificare",
  "Logout": "Deconectare",
  "Username": "Utilizator",
  "Password": "Parolã",
  "Free": "Livrare gratuitã"
}